Full Name,Email
Brenton Jensen,Brenton.Jensen@company.com
Juliana Oneill,Juliana.Oneill@company.com
Cory Rivers,Cory.Rivers@company.com
Ellis Richmond,Ellis.Richmond@company.com
Aleah Phillips,Aleah.Phillips@company.com
Devon Hurley,Devon.Hurley@company.com
Lexie Kidd,Lexie.Kidd@company.com
Guadalupe Ellis,Guadalupe.Ellis@company.com
Laylah Rivers,Laylah.Rivers@company.com
Aldo Benitez,Aldo.Benitez@company.com
Aubree Chung,Aubree.Chung@company.com
Semaj Nixon,Semaj.Nixon@company.com
Darion Barajas,Darion.Barajas@company.com
Aimee Hoover,Aimee.Hoover@company.com
Ezra Fletcher,Ezra.Fletcher@company.com
Danna Mathews,Danna.Mathews@company.com
Anabelle Duncan,Anabelle.Duncan@company.com
Quincy Phelps,Quincy.Phelps@company.com
Taliyah Hamilton,Taliyah.Hamilton@company.com
Donna Mckenzie,Donna.Mckenzie@company.com
Sergio Small,Sergio.Small@company.com
Phoenix Heath,Phoenix.Heath@company.com
Lily Bean,Lily.Bean@company.com
Aliyah Kerr,Aliyah.Kerr@company.com
Cora Rose,Cora.Rose@company.com
Arjun Morrison,Arjun.Morrison@company.com
Anabel Parrish,Anabel.Parrish@company.com
Dayami Rose,Dayami.Rose@company.com
Deacon Frye,Deacon.Frye@company.com
Zaria Gamble,Zaria.Gamble@company.com
Riya Zavala,Riya.Zavala@company.com
Miles Stafford,Miles.Stafford@company.com
Sophia Schneider,Sophia.Schneider@company.com
Frankie Zuniga,Frankie.Zuniga@company.com
Meadow Saunders,Meadow.Saunders@company.com
Elaine Bender,Elaine.Bender@company.com
Alonzo Herman,Alonzo.Herman@company.com
Isiah Potts,Isiah.Potts@company.com
Sheldon Copeland,Sheldon.Copeland@company.com
Jaylen Ruiz,Jaylen.Ruiz@company.com
Makenna Barber,Makenna.Barber@company.com
Adison Ingram,Adison.Ingram@company.com
Justin Marshall,Justin.Marshall@company.com
Jaelynn Mahoney,Jaelynn.Mahoney@company.com
Kendrick Salas,Kendrick.Salas@company.com
